AuthorName,paperTitles,TopPapersCount
Fernando Martínez-Plumed,['CRISP-DM Twenty Years Later: From Data Mining Processes to Data Science Trajectories'],1
N. Lachiche,['CRISP-DM Twenty Years Later: From Data Mining Processes to Data Science Trajectories'],1
C. Ferri,['CRISP-DM Twenty Years Later: From Data Mining Processes to Data Science Trajectories'],1
M. J. R. Quintana,['CRISP-DM Twenty Years Later: From Data Mining Processes to Data Science Trajectories'],1
Lidia Contreras-Ochando,['CRISP-DM Twenty Years Later: From Data Mining Processes to Data Science Trajectories'],1
José Hernández Orallo,['CRISP-DM Twenty Years Later: From Data Mining Processes to Data Science Trajectories'],1
Meelis Kull,['CRISP-DM Twenty Years Later: From Data Mining Processes to Data Science Trajectories'],1
P. Flach,['CRISP-DM Twenty Years Later: From Data Mining Processes to Data Science Trajectories'],1
W. Budiharto,['Data science approach to stock prices forecasting in Indonesia during Covid-19 using Long Short-Term Memory (LSTM)'],1
Dakuo Wang,['AutoDS: Towards Human-Centered Automation of Data Science'],1
Dakuo Wang,['AutoDS: Towards Human-Centered Automation of Data Science'],1
Dakuo Wang,['AutoDS: Towards Human-Centered Automation of Data Science'],1
Casey Dugan,['AutoDS: Towards Human-Centered Automation of Data Science'],1
Erick Oduor,['AutoDS: Towards Human-Centered Automation of Data Science'],1
Casey Dugan,['AutoDS: Towards Human-Centered Automation of Data Science'],1
Justin D. Weisz,['AutoDS: Towards Human-Centered Automation of Data Science'],1
Josh Andres,['AutoDS: Towards Human-Centered Automation of Data Science'],1
Justin D. Weisz,['AutoDS: Towards Human-Centered Automation of Data Science'],1
Dakuo Wang,['AutoDS: Towards Human-Centered Automation of Data Science'],1
Casey Dugan,['AutoDS: Towards Human-Centered Automation of Data Science'],1
C. Williams,['Automating data science'],1
Padhraic Smyth,['Automating data science'],1
Tijl De Bie,['Automating data science'],1
J. Hernández-Orallo,['Automating data science'],1
H. Hoos,['Automating data science'],1
Luc de Raedt,['Automating data science'],1
M. Assante,['Data science: a game changer for science and innovation'],1
F. Giannotti,['Data science: a game changer for science and innovation'],1
P. Manghi,['Data science: a game changer for science and innovation'],1
D. Pedreschi,['Data science: a game changer for science and innovation'],1
Valerio Grossi,['Data science: a game changer for science and innovation'],1
P. Pagano,['Data science: a game changer for science and innovation'],1
Phoebe Sengers,['Making data science systems work'],1
Samir Passi,['Making data science systems work'],1
Samir Passi,['Making data science systems work'],1
P. L. Combettes,['Fixed Point Strategies in Data Science'],1
J. Pesquet,['Fixed Point Strategies in Data Science'],1
J. Pei,['A Survey on Data Pricing: From Economics to Data Science'],1
P. Treleaven,['Algorithmic Government: Automating Public Services and Supporting Civil Servants in using Data Science Technologies'],1
Zeynep Engin,['Algorithmic Government: Automating Public Services and Supporting Civil Servants in using Data Science Technologies'],1
D. Buckeridge,['Glossary for public health surveillance in the age of data science'],1
A. Chiolero,['Glossary for public health surveillance in the age of data science'],1
Mark Raasveldt,['Data Management for Data Science - Towards Embedded Analytics'],1
H. Mühleisen,['Data Management for Data Science - Towards Embedded Analytics'],1
C. Baker,"['Data Science in 2020: Computing, Curricula, and Challenges for the Next 10 Years']",1
Rebecca E. Gasper,"['Data Science in 2020: Computing, Curricula, and Challenges for the Next 10 Years']",1
Aimee Schwab-McCoy,"['Data Science in 2020: Computing, Curricula, and Challenges for the Next 10 Years']",1
O. Waroux,"['Outbreak analytics: a developing data science for informing the response to emerging pathogens', 'Outbreak analytics: a developing data science for informing the response to emerging pathogens']",2
P. Nouvellet,"['Outbreak analytics: a developing data science for informing the response to emerging pathogens', 'Outbreak analytics: a developing data science for informing the response to emerging pathogens']",2
J. Polonsky,"['Outbreak analytics: a developing data science for informing the response to emerging pathogens', 'Outbreak analytics: a developing data science for informing the response to emerging pathogens']",2
T. Jombart,"['Outbreak analytics: a developing data science for informing the response to emerging pathogens', 'Outbreak analytics: a developing data science for informing the response to emerging pathogens']",2
S. Funk,['Outbreak analytics: a developing data science for informing the response to emerging pathogens'],1
P. Moraga,['Outbreak analytics: a developing data science for informing the response to emerging pathogens'],1
L. Kaiser,['Outbreak analytics: a developing data science for informing the response to emerging pathogens'],1
C. Roberts,['Outbreak analytics: a developing data science for informing the response to emerging pathogens'],1
R. Ratnayake,['Outbreak analytics: a developing data science for informing the response to emerging pathogens'],1
K. Durski,['Outbreak analytics: a developing data science for informing the response to emerging pathogens'],1
T. Jombart,"['Outbreak analytics: a developing data science for informing the response to emerging pathogens', 'Outbreak analytics: a developing data science for informing the response to emerging pathogens']",2
P. Nouvellet,"['Outbreak analytics: a developing data science for informing the response to emerging pathogens', 'Outbreak analytics: a developing data science for informing the response to emerging pathogens']",2
J. Whitworth,['Outbreak analytics: a developing data science for informing the response to emerging pathogens'],1
J. Polonsky,"['Outbreak analytics: a developing data science for informing the response to emerging pathogens', 'Outbreak analytics: a developing data science for informing the response to emerging pathogens']",2
P. Keating,['Outbreak analytics: a developing data science for informing the response to emerging pathogens'],1
W. Edmunds,['Outbreak analytics: a developing data science for informing the response to emerging pathogens'],1
O. Morgan,['Outbreak analytics: a developing data science for informing the response to emerging pathogens'],1
M. Marks,['Outbreak analytics: a developing data science for informing the response to emerging pathogens'],1
Zhian N. Kamvar,['Outbreak analytics: a developing data science for informing the response to emerging pathogens'],1
O. Waroux,"['Outbreak analytics: a developing data science for informing the response to emerging pathogens', 'Outbreak analytics: a developing data science for informing the response to emerging pathogens']",2
A. Cori,['Outbreak analytics: a developing data science for informing the response to emerging pathogens'],1
A. Baidjoe,['Outbreak analytics: a developing data science for informing the response to emerging pathogens'],1
R. Eggo,['Outbreak analytics: a developing data science for informing the response to emerging pathogens'],1
Sean Kross,"['Practitioners Teaching Data Science in Industry and Academia: Expectations, Workflows, and Challenges']",1
Philip J. Guo,"['Practitioners Teaching Data Science in Industry and Academia: Expectations, Workflows, and Challenges']",1
Sean Kross,"['Practitioners Teaching Data Science in Industry and Academia: Expectations, Workflows, and Challenges']",1
Patricia Prüfer,['Data science for entrepreneurship research: studying demand dynamics for entrepreneurial skills in the Netherlands'],1
J. Prüfer,['Data science for entrepreneurship research: studying demand dynamics for entrepreneurial skills in the Netherlands'],1
J. Saltz,['Data science ethical considerations: a systematic literature review and proposed project framework'],1
Neil I. Dewar,['Data science ethical considerations: a systematic literature review and proposed project framework'],1
D. Broadhurst,['Toward collaborative open data science in metabolomics using Jupyter Notebooks and cloud computing'],1
L. Pritchard,['Toward collaborative open data science in metabolomics using Jupyter Notebooks and cloud computing'],1
S. Reinke,['Toward collaborative open data science in metabolomics using Jupyter Notebooks and cloud computing'],1
Kevin M. Mendez,['Toward collaborative open data science in metabolomics using Jupyter Notebooks and cloud computing'],1
C. Torre,['Health Care and Precision Medicine Research: Analysis of a Scalable Data Science Platform'],1
William Byron,['Health Care and Precision Medicine Research: Analysis of a Scalable Data Science Platform'],1
H. Krumholz,['Health Care and Precision Medicine Research: Analysis of a Scalable Data Science Platform'],1
W. Schulz,['Health Care and Precision Medicine Research: Analysis of a Scalable Data Science Platform'],1
A. Hsiao,['Health Care and Precision Medicine Research: Analysis of a Scalable Data Science Platform'],1
Dustin R. Bunch,['Health Care and Precision Medicine Research: Analysis of a Scalable Data Science Platform'],1
Kris Rodgerson,['Health Care and Precision Medicine Research: Analysis of a Scalable Data Science Platform'],1
T. Durant,['Health Care and Precision Medicine Research: Analysis of a Scalable Data Science Platform'],1
A. Coppi,['Health Care and Precision Medicine Research: Analysis of a Scalable Data Science Platform'],1
Nathaniel Price,['Health Care and Precision Medicine Research: Analysis of a Scalable Data Science Platform'],1
J. McPadden,['Health Care and Precision Medicine Research: Analysis of a Scalable Data Science Platform'],1
W. Meyerson,['Genomics and data science: an application within an umbrella'],1
M. Gerstein,['Genomics and data science: an application within an umbrella'],1
Shantao Li,['Genomics and data science: an application within an umbrella'],1
Fábio C. P. Navarro,['Genomics and data science: an application within an umbrella'],1
Chengfei Yan,['Genomics and data science: an application within an umbrella'],1
Hussein Mohsen,['Genomics and data science: an application within an umbrella'],1
Mengting Gu,['Genomics and data science: an application within an umbrella'],1
B. Daniel,['Big Data and data science: A critical review of issues for educational research'],1
R. Spang,['From hype to reality: data science enabling personalized medicine'],1
D. Stekhoven,['From hype to reality: data science enabling personalized medicine'],1
A. Schuppert,['From hype to reality: data science enabling personalized medicine'],1
R. Balling,['From hype to reality: data science enabling personalized medicine'],1
B. Zupan,['From hype to reality: data science enabling personalized medicine'],1
H. Fröhlich,['From hype to reality: data science enabling personalized medicine'],1
H. Röst,['From hype to reality: data science enabling personalized medicine'],1
Y. Moreau,['From hype to reality: data science enabling personalized medicine'],1
O. Kohlbacher,['From hype to reality: data science enabling personalized medicine'],1
M. Rebhan,['From hype to reality: data science enabling personalized medicine'],1
M. Schwab,['From hype to reality: data science enabling personalized medicine'],1
Jimeng Sun,['From hype to reality: data science enabling personalized medicine'],1
A. Weber,['From hype to reality: data science enabling personalized medicine'],1
Thomas Lengauer,['From hype to reality: data science enabling personalized medicine'],1
Y. Moreau,['From hype to reality: data science enabling personalized medicine'],1
T. Przytycka,['From hype to reality: data science enabling personalized medicine'],1
N. Beerenwinkel,['From hype to reality: data science enabling personalized medicine'],1
S. Murphy,['From hype to reality: data science enabling personalized medicine'],1
M. Maathuis,['From hype to reality: data science enabling personalized medicine'],1
Santosh Kumar,['From hype to reality: data science enabling personalized medicine'],1
N. Beerenwinkel,['From hype to reality: data science enabling personalized medicine'],1
D. Ziemek,['From hype to reality: data science enabling personalized medicine'],1
S. Dodge,['A Data Science Framework for Movement'],1
L. Taylor,['What is responsible and sustainable data science?'],1
Nadezhda Purtova,['What is responsible and sustainable data science?'],1
F. Rios,['Data Science Support at the Academic Library'],1
J. Oliver,['Data Science Support at the Academic Library'],1
Chris Kollen,['Data Science Support at the Academic Library'],1
B. Hickson,['Data Science Support at the Academic Library'],1
J. Richardson,['MouseMine: a new data warehouse for MGI'],1
S. Neuhauser,['MouseMine: a new data warehouse for MGI'],1
M. O’Keefe,['MouseMine: a new data warehouse for MGI'],1
H. Motenko,['MouseMine: a new data warehouse for MGI'],1
Rafal Kern,['Data Warehouses Federation as a Single Data Warehouse'],1
Christoph Gröger,['The Deep Data Warehouse: Link-Based Integration and Enrichment of Warehouse Data and Unstructured Content'],1
B. Mitschang,['The Deep Data Warehouse: Link-Based Integration and Enrichment of Warehouse Data and Unstructured Content'],1
H. Schwarz,['The Deep Data Warehouse: Link-Based Integration and Enrichment of Warehouse Data and Unstructured Content'],1
Zheng Shao,['Hive - a petabyte scale data warehouse using Hadoop'],1
Ashish Thusoo,['Hive - a petabyte scale data warehouse using Hadoop'],1
Zheng Shao,['Hive - a petabyte scale data warehouse using Hadoop'],1
H. Liu,['Hive - a petabyte scale data warehouse using Hadoop'],1
Joydeep Sen Sarma,['Hive - a petabyte scale data warehouse using Hadoop'],1
Namit Jain,['Hive - a petabyte scale data warehouse using Hadoop'],1
Ning Zhang,['Hive - a petabyte scale data warehouse using Hadoop'],1
R. Murthy,['Hive - a petabyte scale data warehouse using Hadoop'],1
Suresh Anthony,['Hive - a petabyte scale data warehouse using Hadoop'],1
Prasad Chakka,['Hive - a petabyte scale data warehouse using Hadoop'],1
Namit Jain,['Hive - a petabyte scale data warehouse using Hadoop'],1
K. Devi,['Materialised view construction in data warehouse for decision making'],1
T. Kumar,['Materialised view construction in data warehouse for decision making'],1
C.K.M. Lee,['Design and application of Internet of things-based warehouse management system for smart logistics'],1
W. Ho,['Design and application of Internet of things-based warehouse management system for smart logistics'],1
K. Ng,['Design and application of Internet of things-based warehouse management system for smart logistics'],1
K.L. Choy,['Design and application of Internet of things-based warehouse management system for smart logistics'],1
Y. Lv,['Design and application of Internet of things-based warehouse management system for smart logistics'],1
M. Golfarelli,"['Modern Software Engineering Methodologies Meet Data Warehouse Design: 4WD', 'Data Warehouse Testing']",2
M. Golfarelli,"['Modern Software Engineering Methodologies Meet Data Warehouse Design: 4WD', 'Data Warehouse Testing']",2
S. Rizzi,"['Modern Software Engineering Methodologies Meet Data Warehouse Design: 4WD', 'Data Warehouse Testing']",2
Elisa Turricchia,['Modern Software Engineering Methodologies Meet Data Warehouse Design: 4WD'],1
M. Golfarelli,"['Modern Software Engineering Methodologies Meet Data Warehouse Design: 4WD', 'Data Warehouse Testing']",2
M. Golfarelli,"['Modern Software Engineering Methodologies Meet Data Warehouse Design: 4WD', 'Data Warehouse Testing']",2
S. Rizzi,"['Modern Software Engineering Methodologies Meet Data Warehouse Design: 4WD', 'Data Warehouse Testing']",2
S. Rizzi,"['Modern Software Engineering Methodologies Meet Data Warehouse Design: 4WD', 'Data Warehouse Testing']",2
S. Rizzi,"['Modern Software Engineering Methodologies Meet Data Warehouse Design: 4WD', 'Data Warehouse Testing']",2
M. Golfarelli,"['Modern Software Engineering Methodologies Meet Data Warehouse Design: 4WD', 'Data Warehouse Testing']",2
S. Rizzi,"['Modern Software Engineering Methodologies Meet Data Warehouse Design: 4WD', 'Data Warehouse Testing']",2
Mary Jo Pugh,['VHA Corporate Data Warehouse height and weight data: opportunities and challenges for health services research.'],1
Ruth A. Perrin,['VHA Corporate Data Warehouse height and weight data: opportunities and challenges for health services research.'],1
Laurel A. Copeland,['VHA Corporate Data Warehouse height and weight data: opportunities and challenges for health services research.'],1
A. E. Lancaster,['VHA Corporate Data Warehouse height and weight data: opportunities and challenges for health services research.'],1
Helen P. Hazuda,['VHA Corporate Data Warehouse height and weight data: opportunities and challenges for health services research.'],1
Mary J. Bollinger,['VHA Corporate Data Warehouse height and weight data: opportunities and challenges for health services research.'],1
P. H. Noël,['VHA Corporate Data Warehouse height and weight data: opportunities and challenges for health services research.'],1
Chen-Pin Wang,['VHA Corporate Data Warehouse height and weight data: opportunities and challenges for health services research.'],1
D. Zumstein,['A Fuzzy Data Warehouse Approach for Web Analytics'],1
Daniel Fasel,['A Fuzzy Data Warehouse Approach for Web Analytics'],1
M. Kubát,['An Introduction to Machine Learning'],1
Gilles Louppe,['Scikit-learn: Machine Learning in Python'],1
P. Prettenhofer,['Scikit-learn: Machine Learning in Python'],1
E. Duchesnay,['Scikit-learn: Machine Learning in Python'],1
M. Brucher,['Scikit-learn: Machine Learning in Python'],1
Ron Weiss,['Scikit-learn: Machine Learning in Python'],1
Alexandre Gramfort,['Scikit-learn: Machine Learning in Python'],1
Mathieu Blondel,['Scikit-learn: Machine Learning in Python'],1
Ron J. Weiss,['Scikit-learn: Machine Learning in Python'],1
J. Vanderplas,['Scikit-learn: Machine Learning in Python'],1
B. Thirion,['Scikit-learn: Machine Learning in Python'],1
V. Michel,['Scikit-learn: Machine Learning in Python'],1
Alexandre Passos,['Scikit-learn: Machine Learning in Python'],1
G. Varoquaux,['Scikit-learn: Machine Learning in Python'],1
O. Grisel,['Scikit-learn: Machine Learning in Python'],1
D. Cournapeau,['Scikit-learn: Machine Learning in Python'],1
Fabian Pedregosa,['Scikit-learn: Machine Learning in Python'],1
M. Perrot,['Scikit-learn: Machine Learning in Python'],1
Z. B. Celik,['Practical Black-Box Attacks against Machine Learning'],1
I. Goodfellow,['Practical Black-Box Attacks against Machine Learning'],1
S. Jha,['Practical Black-Box Attacks against Machine Learning'],1
Nicolas Papernot,['Practical Black-Box Attacks against Machine Learning'],1
A. Swami,['Practical Black-Box Attacks against Machine Learning'],1
I. Goodfellow,['Practical Black-Box Attacks against Machine Learning'],1
I. Goodfellow,['Practical Black-Box Attacks against Machine Learning'],1
P. Mcdaniel,['Practical Black-Box Attacks against Machine Learning'],1
B. Pang,['Thumbs up? Sentiment Classification using Machine Learning Techniques'],1
Lillian Lee,['Thumbs up? Sentiment Classification using Machine Learning Techniques'],1
Shivakumar Vaithyanathan,['Thumbs up? Sentiment Classification using Machine Learning Techniques'],1
L. Bottou,['Large-Scale Machine Learning with Stochastic Gradient Descent'],1
L. Bottou,['Large-Scale Machine Learning with Stochastic Gradient Descent'],1
Kyunghyun Cho,['Neural Machine Translation by Jointly Learning to Align and Translate'],1
Dzmitry Bahdanau,['Neural Machine Translation by Jointly Learning to Align and Translate'],1
Yoshua Bengio,['Neural Machine Translation by Jointly Learning to Align and Translate'],1
Yoshua Bengio,['Neural Machine Translation by Jointly Learning to Align and Translate'],1
Kyunghyun Cho,['Neural Machine Translation by Jointly Learning to Align and Translate'],1
Dzmitry Bahdanau,['Neural Machine Translation by Jointly Learning to Align and Translate'],1
Hsin-Yuan Huang,"['Challenges and opportunities in quantum machine learning', 'Power of data in quantum machine learning']",2
M. Cerezo,['Challenges and opportunities in quantum machine learning'],1
L. Cincio,['Challenges and opportunities in quantum machine learning'],1
Hsin-Yuan Huang,"['Challenges and opportunities in quantum machine learning', 'Power of data in quantum machine learning']",2
Patrick J. Coles,['Challenges and opportunities in quantum machine learning'],1
Guillaume Verdon,['Challenges and opportunities in quantum machine learning'],1
B. Bauer-Marschallinger,['SoilGrids250m: Global gridded soil information based on machine learning'],1
R. MacMillan,['SoilGrids250m: Global gridded soil information based on machine learning'],1
T. Hengl,['SoilGrids250m: Global gridded soil information based on machine learning'],1
Marvin N. Wright,['SoilGrids250m: Global gridded soil information based on machine learning'],1
J. Leenaars,['SoilGrids250m: Global gridded soil information based on machine learning'],1
Maria Ruiperez González,['SoilGrids250m: Global gridded soil information based on machine learning'],1
M. Guevara,['SoilGrids250m: Global gridded soil information based on machine learning'],1
S. Mantel,['SoilGrids250m: Global gridded soil information based on machine learning'],1
N. Batjes,['SoilGrids250m: Global gridded soil information based on machine learning'],1
R. Vargas,['SoilGrids250m: Global gridded soil information based on machine learning'],1
X. Geng,['SoilGrids250m: Global gridded soil information based on machine learning'],1
Aleksandar Blagotić,['SoilGrids250m: Global gridded soil information based on machine learning'],1
E. Ribeiro,['SoilGrids250m: Global gridded soil information based on machine learning'],1
G. Heuvelink,['SoilGrids250m: Global gridded soil information based on machine learning'],1
Shangguan Wei,['SoilGrids250m: Global gridded soil information based on machine learning'],1
Jorge Mendes de Jesus,['SoilGrids250m: Global gridded soil information based on machine learning'],1
M. Kilibarda,['SoilGrids250m: Global gridded soil information based on machine learning'],1
Ichsani Wheeler,['SoilGrids250m: Global gridded soil information based on machine learning'],1
B. Kempen,['SoilGrids250m: Global gridded soil information based on machine learning'],1
J. Ales,['ilastik: interactive machine learning for (bio)image analysis'],1
A. Kreshuk,['ilastik: interactive machine learning for (bio)image analysis'],1
Jaime I Cervantes,['ilastik: interactive machine learning for (bio)image analysis'],1
Fynn Beuttenmueller,['ilastik: interactive machine learning for (bio)image analysis'],1
Buote Xu,['ilastik: interactive machine learning for (bio)image analysis'],1
Carsten Haubold,['ilastik: interactive machine learning for (bio)image analysis'],1
Thorben Kroeger,['ilastik: interactive machine learning for (bio)image analysis'],1
A. Wolny,['ilastik: interactive machine learning for (bio)image analysis'],1
D. Kutra,['ilastik: interactive machine learning for (bio)image analysis'],1
T. Beier,['ilastik: interactive machine learning for (bio)image analysis'],1
C. Straehle,['ilastik: interactive machine learning for (bio)image analysis'],1
Martin Schiegg,['ilastik: interactive machine learning for (bio)image analysis'],1
S. Berg,['ilastik: interactive machine learning for (bio)image analysis'],1
Chong Zhang,['ilastik: interactive machine learning for (bio)image analysis'],1
U. Köthe,['ilastik: interactive machine learning for (bio)image analysis'],1
Kemal Eren,['ilastik: interactive machine learning for (bio)image analysis'],1
F. Hamprecht,['ilastik: interactive machine learning for (bio)image analysis'],1
Bernhard X. Kausler,['ilastik: interactive machine learning for (bio)image analysis'],1
Markus Rudy,['ilastik: interactive machine learning for (bio)image analysis'],1
T. Drummond,['Machine Learning for High-Speed Corner Detection'],1
E. Rosten,['Machine Learning for High-Speed Corner Detection'],1
J. D. Tygar,['Adversarial machine learning'],1
B. Nelson,['Adversarial machine learning'],1
A. Joseph,['Adversarial machine learning'],1
Ling Huang,['Adversarial machine learning'],1
Benjamin I. P. Rubinstein,['Adversarial machine learning'],1
J. McClean,['Power of data in quantum machine learning'],1
M. Mohseni,['Power of data in quantum machine learning'],1
M. Broughton,['Power of data in quantum machine learning'],1
S. Boixo,['Power of data in quantum machine learning'],1
R. Babbush,['Power of data in quantum machine learning'],1
H. Neven,['Power of data in quantum machine learning'],1
M. Schuld,['Machine learning and the physical sciences'],1
Naftali Tishby,['Machine learning and the physical sciences'],1
Leslie Vogt-Maranto,['Machine learning and the physical sciences'],1
L. Daudet,['Machine learning and the physical sciences'],1
I. Cirac,['Machine learning and the physical sciences'],1
Kyle Cranmer,['Machine learning and the physical sciences'],1
Giuseppe Carleo,['Machine learning and the physical sciences'],1
M. Schuld,['Machine learning and the physical sciences'],1
Lenka Zdeborov'a,['Machine learning and the physical sciences'],1
Vasilis Papastefanopoulos,['Explainable AI: A Review of Machine Learning Interpretability Methods'],1
Pantelis Linardatos,['Explainable AI: A Review of Machine Learning Interpretability Methods'],1
S. Kotsiantis,['Explainable AI: A Review of Machine Learning Interpretability Methods'],1
S. Kotsiantis,['Explainable AI: A Review of Machine Learning Interpretability Methods'],1
A. Bradley,['The use of the area under the ROC curve in the evaluation of machine learning algorithms'],1
L. Deng,"['The MNIST Database of Handwritten Digit Images for Machine Learning Research [Best of the Web]', 'The MNIST Database of Handwritten Digit Images for Machine Learning Research [Best of the Web]', 'The MNIST Database of Handwritten Digit Images for Machine Learning Research [Best of the Web]', 'The MNIST Database of Handwritten Digit Images for Machine Learning Research [Best of the Web]']",4
L. Deng,"['The MNIST Database of Handwritten Digit Images for Machine Learning Research [Best of the Web]', 'The MNIST Database of Handwritten Digit Images for Machine Learning Research [Best of the Web]', 'The MNIST Database of Handwritten Digit Images for Machine Learning Research [Best of the Web]', 'The MNIST Database of Handwritten Digit Images for Machine Learning Research [Best of the Web]']",4
L. Deng,"['The MNIST Database of Handwritten Digit Images for Machine Learning Research [Best of the Web]', 'The MNIST Database of Handwritten Digit Images for Machine Learning Research [Best of the Web]', 'The MNIST Database of Handwritten Digit Images for Machine Learning Research [Best of the Web]', 'The MNIST Database of Handwritten Digit Images for Machine Learning Research [Best of the Web]']",4
Chaitanya Ahuja,['Multimodal Machine Learning: A Survey and Taxonomy'],1
T. Baltrušaitis,['Multimodal Machine Learning: A Survey and Taxonomy'],1
Louis-Philippe Morency,['Multimodal Machine Learning: A Survey and Taxonomy'],1
V. Robu,['Machine learning pipeline for battery state-of-health estimation'],1
D. Flynn,['Machine learning pipeline for battery state-of-health estimation'],1
Michael G. Pecht,['Machine learning pipeline for battery state-of-health estimation'],1
Saurabh Saxena,['Machine learning pipeline for battery state-of-health estimation'],1
D. Roman,['Machine learning pipeline for battery state-of-health estimation'],1
C. Haas,['Fairness in Machine Learning: A Survey'],1
Simon Caton,['Fairness in Machine Learning: A Survey'],1
E. M. Pereira,['Machine Learning Interpretability: A Survey on Methods and Metrics'],1
D. V. Carvalho,['Machine Learning Interpretability: A Survey on Methods and Metrics'],1
Jaime S. Cardoso,['Machine Learning Interpretability: A Survey on Methods and Metrics'],1
Amirata Ghorbani,['Data Shapley: Equitable Valuation of Data for Machine Learning'],1
James Y. Zou,['Data Shapley: Equitable Valuation of Data for Machine Learning'],1
Chandrasegar Thirumalai,['Effective Heart Disease Prediction Using Hybrid Machine Learning Techniques'],1
Senthilkumar Mohan,['Effective Heart Disease Prediction Using Hybrid Machine Learning Techniques'],1
Gautam Srivastava,['Effective Heart Disease Prediction Using Hybrid Machine Learning Techniques'],1
Tim Mueller,['Machine learning for alloys'],1
S. Curtarolo,['Machine learning for alloys'],1
G. Hart,['Machine learning for alloys'],1
C. Toher,['Machine learning for alloys'],1
Yang Liu,"['Machine Learning Testing: Survey, Landscapes and Horizons']",1
M. Harman,"['Machine Learning Testing: Survey, Landscapes and Horizons']",1
Lei Ma,"['Machine Learning Testing: Survey, Landscapes and Horizons']",1
J Zhang,"['Machine Learning Testing: Survey, Landscapes and Horizons']",1
Konstantinos G. Liakos,['Machine Learning in Agriculture: A Review'],1
D. Bochtis,['Machine Learning in Agriculture: A Review'],1
S. Pearson,['Machine Learning in Agriculture: A Review'],1
D. Moshou,['Machine Learning in Agriculture: A Review'],1
P. Busato,['Machine Learning in Agriculture: A Review'],1
Mohamed Omran,['The Cityscapes Dataset for Semantic Urban Scene Understanding'],1
S. Roth,['The Cityscapes Dataset for Semantic Urban Scene Understanding'],1
Sebastian Ramos,['The Cityscapes Dataset for Semantic Urban Scene Understanding'],1
B. Schiele,['The Cityscapes Dataset for Semantic Urban Scene Understanding'],1
Uwe Franke,['The Cityscapes Dataset for Semantic Urban Scene Understanding'],1
Timo Rehfeld,['The Cityscapes Dataset for Semantic Urban Scene Understanding'],1
Rodrigo Benenson,['The Cityscapes Dataset for Semantic Urban Scene Understanding'],1
M. Enzweiler,['The Cityscapes Dataset for Semantic Urban Scene Understanding'],1
S. Roth,['The Cityscapes Dataset for Semantic Urban Scene Understanding'],1
Marius Cordts,['The Cityscapes Dataset for Semantic Urban Scene Understanding'],1
Yulin Wang,['Regularizing Deep Networks With Semantic Data Augmentation'],1
Xuran Pan,['Regularizing Deep Networks With Semantic Data Augmentation'],1
Yitong Xia,['Regularizing Deep Networks With Semantic Data Augmentation'],1
Shiji Song,['Regularizing Deep Networks With Semantic Data Augmentation'],1
Cheng Wu,['Regularizing Deep Networks With Semantic Data Augmentation'],1
Gao Huang,['Regularizing Deep Networks With Semantic Data Augmentation'],1
Yulin Wang,['Regularizing Deep Networks With Semantic Data Augmentation'],1
Xuran Pan,['Regularizing Deep Networks With Semantic Data Augmentation'],1
Shiji Song,['Regularizing Deep Networks With Semantic Data Augmentation'],1
Gao Huang,['Regularizing Deep Networks With Semantic Data Augmentation'],1
Cheng Wu,['Regularizing Deep Networks With Semantic Data Augmentation'],1
César A. Hidalgo,['Sherlock: A Deep Learning Approach to Semantic Data Type Detection'],1
Emanuel Zgraggen,['Sherlock: A Deep Learning Approach to Semantic Data Type Detection'],1
Madelon Hulsebos,['Sherlock: A Deep Learning Approach to Semantic Data Type Detection'],1
Arvind Satyanarayan,['Sherlock: A Deep Learning Approach to Semantic Data Type Detection'],1
Tim Kraska,['Sherlock: A Deep Learning Approach to Semantic Data Type Detection'],1
K. Hu,['Sherlock: A Deep Learning Approach to Semantic Data Type Detection'],1
Michiel A. Bakker,['Sherlock: A Deep Learning Approach to Semantic Data Type Detection'],1
cCaugatay Demiralp,['Sherlock: A Deep Learning Approach to Semantic Data Type Detection'],1
Di Li,['Knowledge Reasoning with Semantic Data for Real-Time Data Processing in Smart Factory'],1
Shiyong Wang,['Knowledge Reasoning with Semantic Data for Real-Time Data Processing in Smart Factory'],1
Chengliang Liu,['Knowledge Reasoning with Semantic Data for Real-Time Data Processing in Smart Factory'],1
J. Wan,['Knowledge Reasoning with Semantic Data for Real-Time Data Processing in Smart Factory'],1
C. Lange,['Semantic Data Integration for Knowledge Graph Construction at Query Time'],1
Mikhail Galkin,['Semantic Data Integration for Knowledge Graph Construction at Query Time'],1
Maria-Esther Vidal,['Semantic Data Integration for Knowledge Graph Construction at Query Time'],1
S. Auer,['Semantic Data Integration for Knowledge Graph Construction at Query Time'],1
D. Collarana,['Semantic Data Integration for Knowledge Graph Construction at Query Time'],1
I. Ribón,['Semantic Data Integration for Knowledge Graph Construction at Query Time'],1
A. Soylu,['PepeSearch: Semantic Data for the Masses'],1
A. Waaler,['PepeSearch: Semantic Data for the Masses'],1
Guillermo Vega-Gorgojo,['PepeSearch: Semantic Data for the Masses'],1
Simen Heggestøyl,['PepeSearch: Semantic Data for the Masses'],1
M. Giese,['PepeSearch: Semantic Data for the Masses'],1
A. Soylu,['PepeSearch: Semantic Data for the Masses'],1
A.Y. Virasova,['Rich feature hierarchies for accurate object detection and semantic segmentation'],1
V. V. Oreshko,['Rich feature hierarchies for accurate object detection and semantic segmentation'],1
I. R. Gubaidullin,['Rich feature hierarchies for accurate object detection and semantic segmentation'],1
O.E. Khromov,['Rich feature hierarchies for accurate object detection and semantic segmentation'],1
D. Klimov,['Rich feature hierarchies for accurate object detection and semantic segmentation'],1
Christos Sakaridis,['Semantic Foggy Scene Understanding with Synthetic Data'],1
Christos Sakaridis,['Semantic Foggy Scene Understanding with Synthetic Data'],1
L. Van Gool,['Semantic Foggy Scene Understanding with Synthetic Data'],1
Dengxin Dai,['Semantic Foggy Scene Understanding with Synthetic Data'],1
Dengxin Dai,['Semantic Foggy Scene Understanding with Synthetic Data'],1
Christos Sakaridis,['Semantic Foggy Scene Understanding with Synthetic Data'],1
L. Van Gool,['Semantic Foggy Scene Understanding with Synthetic Data'],1
Dengxin Dai,['Semantic Foggy Scene Understanding with Synthetic Data'],1
Xiaokang Chen,['Semi-Supervised Semantic Segmentation with Cross Pseudo Supervision'],1
Jingdong Wang,['Semi-Supervised Semantic Segmentation with Cross Pseudo Supervision'],1
Yuhui Yuan,['Semi-Supervised Semantic Segmentation with Cross Pseudo Supervision'],1
Gang Zeng,['Semi-Supervised Semantic Segmentation with Cross Pseudo Supervision'],1
Jianlong Yuan,['A Simple Baseline for Semi-supervised Semantic Segmentation with Strong Data Augmentation*'],1
Yifan Liu,['A Simple Baseline for Semi-supervised Semantic Segmentation with Strong Data Augmentation*'],1
Chunhua Shen,['A Simple Baseline for Semi-supervised Semantic Segmentation with Strong Data Augmentation*'],1
Zhibin Wang,['A Simple Baseline for Semi-supervised Semantic Segmentation with Strong Data Augmentation*'],1
G. Hutchison,"['Avogadro: an advanced semantic chemical editor, visualization, and analysis platform']",1
T. Vandermeersch,"['Avogadro: an advanced semantic chemical editor, visualization, and analysis platform']",1
David C. Lonie,"['Avogadro: an advanced semantic chemical editor, visualization, and analysis platform']",1
E. Zurek,"['Avogadro: an advanced semantic chemical editor, visualization, and analysis platform']",1
D. Curtis,"['Avogadro: an advanced semantic chemical editor, visualization, and analysis platform']",1
M. Hanwell,"['Avogadro: an advanced semantic chemical editor, visualization, and analysis platform']",1
Jaehoon Choi,['Self-Ensembling With GAN-Based Data Augmentation for Domain Adaptation in Semantic Segmentation'],1
Taekyung Kim,['Self-Ensembling With GAN-Based Data Augmentation for Domain Adaptation in Semantic Segmentation'],1
Changick Kim,['Self-Ensembling With GAN-Based Data Augmentation for Domain Adaptation in Semantic Segmentation'],1
Javier D. Fernández,['Towards an Architecture for Managing Big Semantic Data in Real-Time'],1
Miguel A. Martínez-Prieto,['Towards an Architecture for Managing Big Semantic Data in Real-Time'],1
C. E. Cuesta,['Towards an Architecture for Managing Big Semantic Data in Real-Time'],1
A. Vasilakos,['Enabling Semantic Search Based on Conceptual Graphs over Encrypted Outsourced Data'],1
Fengxiao Huang,['Enabling Semantic Search Based on Conceptual Graphs over Encrypted Outsourced Data'],1
Zhangjie Fu,['Enabling Semantic Search Based on Conceptual Graphs over Encrypted Outsourced Data'],1
Ching-Nung Yang,['Enabling Semantic Search Based on Conceptual Graphs over Encrypted Outsourced Data'],1
Xingming Sun,['Enabling Semantic Search Based on Conceptual Graphs over Encrypted Outsourced Data'],1
Yassine Ouali,['Semi-Supervised Semantic Segmentation With Cross-Consistency Training'],1
C. Hudelot,['Semi-Supervised Semantic Segmentation With Cross-Consistency Training'],1
Myriam Tami,['Semi-Supervised Semantic Segmentation With Cross-Consistency Training'],1
S. Biffl,['Evaluation of semantic data storages for integrating heterogenous disciplines in automation systems engineering'],1
Richard Mordinyi,['Evaluation of semantic data storages for integrating heterogenous disciplines in automation systems engineering'],1
Estefanía Serral,['Evaluation of semantic data storages for integrating heterogenous disciplines in automation systems engineering'],1
D. Winkler,['Evaluation of semantic data storages for integrating heterogenous disciplines in automation systems engineering'],1
O. Kovalenko,['Evaluation of semantic data storages for integrating heterogenous disciplines in automation systems engineering'],1
Robin Jia,['Data Recombination for Neural Semantic Parsing'],1
Percy Liang,['Data Recombination for Neural Semantic Parsing'],1
Shruti Jadon,['A survey of loss functions for semantic segmentation'],1
L. Gool,['Learning Semantic Segmentation From Synthetic Data: A Geometrically Guided Input-Output Adaptation Approach'],1
Wen Li,['Learning Semantic Segmentation From Synthetic Data: A Geometrically Guided Input-Output Adaptation Approach'],1
Yuhua Chen,['Learning Semantic Segmentation From Synthetic Data: A Geometrically Guided Input-Output Adaptation Approach'],1
L. Gool,['Learning Semantic Segmentation From Synthetic Data: A Geometrically Guided Input-Output Adaptation Approach'],1
Xiaoran Chen,['Learning Semantic Segmentation From Synthetic Data: A Geometrically Guided Input-Output Adaptation Approach'],1
L. Gool,['Learning Semantic Segmentation From Synthetic Data: A Geometrically Guided Input-Output Adaptation Approach'],1
Yi Yang,['Rectifying Pseudo Label Learning via Uncertainty Estimation for Domain Adaptive Semantic Segmentation'],1
Zhedong Zheng,['Rectifying Pseudo Label Learning via Uncertainty Estimation for Domain Adaptive Semantic Segmentation'],1
Yang Zou,['Unsupervised Domain Adaptation for Semantic Segmentation via Class-Balanced Self-training'],1
Jinsong Wang,['Unsupervised Domain Adaptation for Semantic Segmentation via Class-Balanced Self-training'],1
B. V. Vijaya Kumar,['Unsupervised Domain Adaptation for Semantic Segmentation via Class-Balanced Self-training'],1
Zhiding Yu,['Unsupervised Domain Adaptation for Semantic Segmentation via Class-Balanced Self-training'],1
Q. Dou,['Domain Generalization via Model-Agnostic Learning of Semantic Features'],1
Daniel Coelho de Castro,['Domain Generalization via Model-Agnostic Learning of Semantic Features'],1
B. Glocker,['Domain Generalization via Model-Agnostic Learning of Semantic Features'],1
K. Kamnitsas,['Domain Generalization via Model-Agnostic Learning of Semantic Features'],1
Xi Peng,['Semantic Graph Convolutional Networks for 3D Human Pose Regression'],1
Long Zhao,['Semantic Graph Convolutional Networks for 3D Human Pose Regression'],1
Dimitris N. Metaxas,['Semantic Graph Convolutional Networks for 3D Human Pose Regression'],1
Yu Tian,['Semantic Graph Convolutional Networks for 3D Human Pose Regression'],1
Mubbasir Kapadia,['Semantic Graph Convolutional Networks for 3D Human Pose Regression'],1
Richard Shin,['Constrained Language Models Yield Few-Shot Semantic Parsers'],1
Sam Thomson,['Constrained Language Models Yield Few-Shot Semantic Parsers'],1
Emmanouil Antonios Platanios,['Constrained Language Models Yield Few-Shot Semantic Parsers'],1
J. Eisner,['Constrained Language Models Yield Few-Shot Semantic Parsers'],1
Benjamin Van Durme,['Constrained Language Models Yield Few-Shot Semantic Parsers'],1
C. H. Lin,['Constrained Language Models Yield Few-Shot Semantic Parsers'],1
Subhro Roy,['Constrained Language Models Yield Few-Shot Semantic Parsers'],1
Charles C. Chen,['Constrained Language Models Yield Few-Shot Semantic Parsers'],1
Adam Pauls,['Constrained Language Models Yield Few-Shot Semantic Parsers'],1
D. Klein,['Constrained Language Models Yield Few-Shot Semantic Parsers'],1
Chao Wu,['Discovering Semantic Data of Interest from Un-mappable Memory with Confidence'],1
J. Rhee,['Discovering Semantic Data of Interest from Un-mappable Memory with Confidence'],1
Zhiqiang Lin,['Discovering Semantic Data of Interest from Un-mappable Memory with Confidence'],1
X. Zhang,['Discovering Semantic Data of Interest from Un-mappable Memory with Confidence'],1
Dongyan Xu,['Discovering Semantic Data of Interest from Un-mappable Memory with Confidence'],1
Rudra P. K. Poudel,['Fast-SCNN: Fast Semantic Segmentation Network'],1
R. Cipolla,['Fast-SCNN: Fast Semantic Segmentation Network'],1
Stephan Liwicki,['Fast-SCNN: Fast Semantic Segmentation Network'],1
T. Xiang,['Semantic Autoencoder for Zero-Shot Learning'],1
S. Gong,['Semantic Autoencoder for Zero-Shot Learning'],1
Elyor Kodirov,['Semantic Autoencoder for Zero-Shot Learning'],1
J. Chun,['Introducing EzBioCloud: a taxonomically united database of 16S rRNA gene sequences and whole-genome assemblies'],1
Yeseul Kim,['Introducing EzBioCloud: a taxonomically united database of 16S rRNA gene sequences and whole-genome assemblies'],1
Sung-min Ha,['Introducing EzBioCloud: a taxonomically united database of 16S rRNA gene sequences and whole-genome assemblies'],1
Soonjae Kwon,['Introducing EzBioCloud: a taxonomically united database of 16S rRNA gene sequences and whole-genome assemblies'],1
J. Chun,['Introducing EzBioCloud: a taxonomically united database of 16S rRNA gene sequences and whole-genome assemblies'],1
Seok-Hwan Yoon,['Introducing EzBioCloud: a taxonomically united database of 16S rRNA gene sequences and whole-genome assemblies'],1
Jeongmin Lim,['Introducing EzBioCloud: a taxonomically united database of 16S rRNA gene sequences and whole-genome assemblies'],1
Hyung-Ho Seo,['Introducing EzBioCloud: a taxonomically united database of 16S rRNA gene sequences and whole-genome assemblies'],1
Seok-Hwan Yoon,['Introducing EzBioCloud: a taxonomically united database of 16S rRNA gene sequences and whole-genome assemblies'],1
G. Miller,['WordNet: A Lexical Database for English'],1
G. Miller,['WordNet: A Lexical Database for English'],1
Andreas Bohne-Lang,['Argonaute—a database for gene regulation by mammalian microRNAs'],1
Benedikt Brors,['Argonaute—a database for gene regulation by mammalian microRNAs'],1
S. Maertens,['Argonaute—a database for gene regulation by mammalian microRNAs'],1
Roland Eils,['Argonaute—a database for gene regulation by mammalian microRNAs'],1
Hermann-Josef Gröne,['Argonaute—a database for gene regulation by mammalian microRNAs'],1
Norbert Gretz,['Argonaute—a database for gene regulation by mammalian microRNAs'],1
Serguei Loukianiouk,['Argonaute—a database for gene regulation by mammalian microRNAs'],1
Stefan Küffer,['Argonaute—a database for gene regulation by mammalian microRNAs'],1
Priyanka Shahi,['Argonaute—a database for gene regulation by mammalian microRNAs'],1
M. Kenzelmann,['Argonaute—a database for gene regulation by mammalian microRNAs'],1
F. Allen,['The Cambridge Structural Database: a quarter of a million crystal structures and rising.'],1
Hueihan Jhuang,['HMDB: A large video database for human motion recognition'],1
Thomas Serre,['HMDB: A large video database for human motion recognition'],1
Hilde Kuehne,['HMDB: A large video database for human motion recognition'],1
T. Poggio,['HMDB: A large video database for human motion recognition'],1
Estíbaliz Garrote,['HMDB: A large video database for human motion recognition'],1
A. Murzin,['SCOP: a structural classification of proteins database for the investigation of sequences and structures.'],1
S. Brenner,['SCOP: a structural classification of proteins database for the investigation of sequences and structures.'],1
C. Chothia,['SCOP: a structural classification of proteins database for the investigation of sequences and structures.'],1
T. Hubbard,['SCOP: a structural classification of proteins database for the investigation of sequences and structures.'],1
G. Moody,['The impact of the MIT-BIH Arrhythmia Database'],1
R. Mark,['The impact of the MIT-BIH Arrhythmia Database'],1
A. Torralba,"['Learning Deep Features for Scene Recognition using Places Database', 'LabelMe: A Database and Web-Based Tool for Image Annotation']",2
A. Torralba,"['Learning Deep Features for Scene Recognition using Places Database', 'LabelMe: A Database and Web-Based Tool for Image Annotation']",2
A. Torralba,"['Learning Deep Features for Scene Recognition using Places Database', 'LabelMe: A Database and Web-Based Tool for Image Annotation']",2
Àgata Lapedriza,['Learning Deep Features for Scene Recognition using Places Database'],1
Bolei Zhou,['Learning Deep Features for Scene Recognition using Places Database'],1
Bolei Zhou,['Learning Deep Features for Scene Recognition using Places Database'],1
Bolei Zhou,['Learning Deep Features for Scene Recognition using Places Database'],1
A. Oliva,['Learning Deep Features for Scene Recognition using Places Database'],1
A. Torralba,"['Learning Deep Features for Scene Recognition using Places Database', 'LabelMe: A Database and Web-Based Tool for Image Annotation']",2
Jianxiong Xiao,['Learning Deep Features for Scene Recognition using Places Database'],1
A. Oliva,['Learning Deep Features for Scene Recognition using Places Database'],1
A. Oliva,['Learning Deep Features for Scene Recognition using Places Database'],1
Àgata Lapedriza,['Learning Deep Features for Scene Recognition using Places Database'],1
Jianxiong Xiao,['Learning Deep Features for Scene Recognition using Places Database'],1
A. Torralba,"['Learning Deep Features for Scene Recognition using Places Database', 'LabelMe: A Database and Web-Based Tool for Image Annotation']",2
Gary L. Andersen,"['Greengenes, a Chimera-Checked 16S rRNA Gene Database and Workbench Compatible with ARB']",1
Keith Keller,"['Greengenes, a Chimera-Checked 16S rRNA Gene Database and Workbench Compatible with ARB']",1
Eoin L. Brodie,"['Greengenes, a Chimera-Checked 16S rRNA Gene Database and Workbench Compatible with ARB']",1
Neils Larsen,"['Greengenes, a Chimera-Checked 16S rRNA Gene Database and Workbench Compatible with ARB']",1
T. DeSantis,"['Greengenes, a Chimera-Checked 16S rRNA Gene Database and Workbench Compatible with ARB']",1
P. Hugenholtz,"['Greengenes, a Chimera-Checked 16S rRNA Gene Database and Workbench Compatible with ARB']",1
Ping Hu,"['Greengenes, a Chimera-Checked 16S rRNA Gene Database and Workbench Compatible with ARB']",1
P. Hugenholtz,"['Greengenes, a Chimera-Checked 16S rRNA Gene Database and Workbench Compatible with ARB']",1
Eoin L. Brodie,"['Greengenes, a Chimera-Checked 16S rRNA Gene Database and Workbench Compatible with ARB']",1
Mark Rojas,"['Greengenes, a Chimera-Checked 16S rRNA Gene Database and Workbench Compatible with ARB']",1
Daniel Dalevi,"['Greengenes, a Chimera-Checked 16S rRNA Gene Database and Workbench Compatible with ARB']",1
Thomas Huber,"['Greengenes, a Chimera-Checked 16S rRNA Gene Database and Workbench Compatible with ARB']",1
T. DeSantis,"['Greengenes, a Chimera-Checked 16S rRNA Gene Database and Workbench Compatible with ARB']",1
P. Hugenholtz,"['Greengenes, a Chimera-Checked 16S rRNA Gene Database and Workbench Compatible with ARB']",1
Kevin P. Murphy,['LabelMe: A Database and Web-Based Tool for Image Annotation'],1
Kevin P. Murphy,['LabelMe: A Database and Web-Based Tool for Image Annotation'],1
W. Freeman,['LabelMe: A Database and Web-Based Tool for Image Annotation'],1
Bryan C. Russell,['LabelMe: A Database and Web-Based Tool for Image Annotation'],1
B. Shoichet,['ZINC - A Free Database of Commercially Available Compounds for Virtual Screening'],1
J. Irwin,['ZINC - A Free Database of Commercially Available Compounds for Virtual Screening'],1
A. Bax,['Protein backbone angle restraints from searching a database for chemical shift and sequence homology'],1
Gabriel Cornilescu,['Protein backbone angle restraints from searching a database for chemical shift and sequence homology'],1
F. Delaglio,['Protein backbone angle restraints from searching a database for chemical shift and sequence homology'],1
